{
	"pattrstorage" : 	{
		"name" : "myMap",
		"slots" : 		{
			"1" : 			{
				"id" : 1,
				"data" : 				{
					"abc.map.ui::u514008342" : [ 1, 0, 0, 0.276923089288175, 0, 2, 0, 0, 0.092705098312484, 0.285316954888546, 3, 0, 0, -0.242705098312484, 0.176335575687742, 4, 0, 0, -0.242705098312484, -0.176335575687742, 5, 0, 0, 0.092705098312484, -0.285316954888546 ]
				}

			}
,
			"2" : 			{
				"id" : 2,
				"data" : 				{
					"abc.map.ui::u514008342" : [ 1, 0, 0, 0.91538458969444, 0, 2, 0, 90, 0.638858926814186, 0.769932310618603, 3, 54, 0, -0.68885893277465, 0.637874024617529, 4, 0, 64, -0.688858947675811, -0.384027885901785, 5, 40, 0, 0.323474330227958, -0.71608615998193 ]
				}

			}
,
			"3" : 			{
				"id" : 3,
				"data" : 				{
					"abc.map.ui::u514008342" : [ 1, 0, 0, 0.846153794787824, 0.52307692123577, 2, 0, 0, 0.031166599463808, 0.931470792330944, 3, 0, 0, -0.750397390645133, 0.230181696522093, 4, 0, 0, -0.050397421192514, -0.637874024617529, 5, 0, 0, 0.738858950656043, -0.416086177863323 ]
				}

			}
,
			"4" : 			{
				"id" : 4,
				"data" : 				{
					"abc.map.ui::u514008342" : [ 2, 0, 0, 0.031166599463808, 0.931470792330944, 4, 0, 0, -0.050397421192514, -0.637874024617529, 5, 0, 0, 0.738858950656043, -0.416086177863323 ]
				}

			}
,
			"5" : 			{
				"id" : 5,
				"data" : 				{
					"abc.map.ui::u514008342" : [ 2, 0, 0, -0.038064172625406, 0.254547755755627, 4, 0, 0, -0.027320499491083, -0.230181741225576, 5, 0, 0, 0.246551287692176, -0.054547715522492 ]
				}

			}

		}

	}

}
