{
	"pattrstorage" : 	{
		"name" : "help-dtd",
		"slots" : 		{
			"1" : 			{
				"id" : 1,
				"data" : 				{
					"abc.dtd.ui::u209003139" : [ 0.14, 0.5, 0.28, 0.5, 0.42, 0.5, 0.57, 0.5, 0.71, 0.5, 0.85, 0.5, 1, 0.5 ]
				}

			}
,
			"2" : 			{
				"id" : 2,
				"data" : 				{
					"abc.dtd.ui::u209003139" : [ 0.02, 0.5, 0.08, 0.5, 0.18, 0.5, 0.32, 0.5, 0.51, 0.5, 0.73, 0.5, 1, 0.5 ]
				}

			}
,
			"3" : 			{
				"id" : 3,
				"data" : 				{
					"abc.dtd.ui::u209003139" : [ 0.22, 0.5, 0.43, 0.5, 0.62, 0.5, 0.78, 0.5, 0.9, 0.5, 0.97, 0.5, 1, 0.5 ]
				}

			}
,
			"4" : 			{
				"id" : 4,
				"data" : 				{
					"abc.dtd.ui::u209003139" : [ 0.19, 0.5, 0.36, 0.5, 0.51, 0.5, 0.65, 0.5, 0.77, 0.5, 0.89, 0.5, 1, 0.5 ]
				}

			}
,
			"5" : 			{
				"id" : 5,
				"data" : 				{
					"abc.dtd.ui::u209003139" : [ 0.37, 0.5, 0.53, 0.5, 0.65, 0.5, 0.75, 0.5, 0.84, 0.5, 0.92, 0.5, 1, 0.5 ]
				}

			}
,
			"6" : 			{
				"id" : 6,
				"data" : 				{
					"abc.dtd.ui::u209003139" : [ 0.025072087818176, 0.5, 0.099031132097581, 0.5, 0.21816851753197, 0.5, 0.376510198141266, 0.5, 0.566116260882442, 0.5, 0.777479066043686, 0.5, 1.0, 0.5 ]
				}

			}
,
			"7" : 			{
				"id" : 7,
				"data" : 				{
					"abc.dtd.ui::u209003139" : [ 0.04951556604879, 0.5, 0.188255099070633, 0.5, 0.388739533021843, 0.5, 0.611260466978157, 0.5, 0.811744900929367, 0.5, 0.95048443395121, 0.5, 1, 0.5 ]
				}

			}
,
			"8" : 			{
				"id" : 8,
				"data" : 				{
					"abc.dtd.ui::u209003139" : [ 0.265306122448979, 0.5, 0.489795918367347, 0.5, 0.673469387755102, 0.5, 0.816326530612245, 0.5, 0.918367346938776, 0.5, 0.979591836734694, 0.5, 1, 0.5 ]
				}

			}
,
			"9" : 			{
				"id" : 9,
				"data" : 				{
					"abc.dtd.ui::u209003139" : [ 0.040816326530612, 0.5, 0.163265306122449, 0.5, 0.36734693877551, 0.5, 0.63265306122449, 0.5, 0.836734693877551, 0.5, 0.959183673469388, 0.5, 1, 0.5 ]
				}

			}
,
			"10" : 			{
				"id" : 10,
				"data" : 				{
					"abc.dtd.ui::u209003139" : [ 0.002915451895044, 0.5, 0.02332361516035, 0.5, 0.078717201166181, 0.5, 0.186588921282799, 0.5, 0.364431486880467, 0.5, 0.629737609329446, 0.5, 1, 0.5 ]
				}

			}
,
			"11" : 			{
				"id" : 11,
				"data" : 				{
					"abc.dtd.ui::u209003139" : [ 0.370262390670554, 0.5, 0.635568513119533, 0.5, 0.813411078717201, 0.5, 0.921282798833819, 0.5, 0.97667638483965, 0.5, 0.997084548104956, 0.5, 1, 0.5 ]
				}

			}
,
			"12" : 			{
				"id" : 12,
				"data" : 				{
					"abc.dtd.ui::u209003139" : [ 0.011661807580175, 0.5, 0.093294460641399, 0.5, 0.314868804664723, 0.5, 0.685131195335277, 0.5, 0.906705539358601, 0.5, 0.988338192419825, 0.5, 1, 0.5 ]
				}

			}
,
			"13" : 			{
				"id" : 13,
				"data" : 				{
					"abc.dtd.ui::u209003139" : [ 0.000416493127863, 0.5, 0.006663890045814, 0.5, 0.033735943356935, 0.5, 0.106622240733028, 0.5, 0.260308204914619, 0.5, 0.539775093710954, 0.5, 1, 0.5 ]
				}

			}
,
			"14" : 			{
				"id" : 14,
				"data" : 				{
					"abc.dtd.ui::u209003139" : [ 0.460224906289046, 0.5, 0.739691795085381, 0.5, 0.893377759266972, 0.5, 0.966264056643065, 0.5, 0.993336109954186, 0.5, 0.999583506872137, 0.5, 1, 0.5 ]
				}

			}
,
			"15" : 			{
				"id" : 15,
				"data" : 				{
					"abc.dtd.ui::u209003139" : [ 0.003331945022907, 0.5, 0.053311120366514, 0.5, 0.269887546855477, 0.5, 0.730112453144523, 0.5, 0.946688879633486, 0.5, 0.996668054977093, 0.5, 1, 0.5 ]
				}

			}
,
			"16" : 			{
				"id" : 16,
				"data" : 				{
					"abc.dtd.ui::u209003139" : [ 0.000059499018266, 0.5, 0.001903968584518, 0.5, 0.014458261438686, 0.5, 0.060926994704587, 0.5, 0.185934432081871, 0.5, 0.46266436603796, 0.5, 1, 0.5 ]
				}

			}
,
			"17" : 			{
				"id" : 17,
				"data" : 				{
					"abc.dtd.ui::u209003139" : [ 0.537335633962039, 0.5, 0.814065567918129, 0.5, 0.939073005295413, 0.5, 0.985541738561314, 0.5, 0.998096031415482, 0.5, 0.999940500981734, 0.5, 1, 0.5 ]
				}

			}
,
			"18" : 			{
				"id" : 18,
				"data" : 				{
					"abc.dtd.ui::u209003139" : [ 0.000951984292259, 0.5, 0.030463497352294, 0.5, 0.23133218301898, 0.5, 0.76866781698102, 0.5, 0.969536502647706, 0.5, 0.999048015707741, 0.5, 1, 0.5 ]
				}

			}
,
			"19" : 			{
				"id" : 19,
				"data" : 				{
					"abc.dtd.ui::u209003139" : [ 0.002628711313735, 0.5, 0.007075966127062, 0.5, 0.019047088346945, 0.5, 0.051270959750477, 0.5, 0.138011189209227, 0.5, 0.371498572284237, 0.5, 1, 0.5 ]
				}

			}
,
			"20" : 			{
				"id" : 20,
				"data" : 				{
					"abc.dtd.ui::u209003139" : [ 0.003537983063531, 0.5, 0.025635479875239, 0.5, 0.185749286142119, 0.5, 0.814250713857881, 0.5, 0.974364520124761, 0.5, 0.996462016936469, 0.5, 1, 0.5 ]
				}

			}
,
			"21" : 			{
				"id" : 21,
				"data" : 				{
					"abc.dtd.ui::u209003139" : [ 0.010256681389213, 0.5, 0.04168515250009, 0.5, 0.096492097094749, 0.5, 0.17934819335171, 0.5, 0.300145787776235, 0.5, 0.484921246362287, 0.5, 1, 0.5 ]
				}

			}
,
			"22" : 			{
				"id" : 22,
				"data" : 				{
					"abc.dtd.ui::u209003139" : [ 0.515078753637713, 0.5, 0.699854212223765, 0.5, 0.82065180664829, 0.5, 0.903507902905251, 0.5, 0.95831484749991, 0.5, 0.989743318610787, 0.5, 1.0, 0.5 ]
				}

			}

		}

	}

}
