{
	"pattrstorage" : 	{
		"name" : "help-plf",
		"slots" : 		{
			"1" : 			{
				"id" : 1,
				"data" : 				{
					"abc.2plf.ui::u209003139" : [ 4, 0, 0, 0, 0.348, 1, 0, 0.684, 0.5, 0.970000000000001, 1, 0, 0, 5, 0, 0.5, 0.144, 0.955, 0.316, 0.505, 0.6, 0.845, 1, 0 ]
				}

			}
,
			"2" : 			{
				"id" : 2,
				"data" : 				{
					"abc.2plf.ui::u209003139" : [ 3, 0, 0.005, 0.840000000000001, 0.58, 0.44, 0, 0.996, 0.01, 0.77, 8, 0, 0.5, 0.188, 0.475, 0.312, 0.475, 0.536, 0.52, 0.664, 0.565, 0.756, 0.64, 0.848, 0.725, 1, 0.94 ]
				}

			}
,
			"3" : 			{
				"id" : 3,
				"data" : 				{
					"abc.2plf.ui::u209003139" : [ 3, 0, 0.005, 0.840000000000001, 0.908, 0.6, 0, 0.996, 0.01, 0.77, 6, 0, 1, 0.184, 0.695, 0.328, 0.415, 0.512, 0.22, 0.74, 0.085, 1, 0 ]
				}

			}

		}

	}

}
